{
    "scene": {
        "camera": {
            "d": 30.0,
            "far": 40.0,
            "near": 20.0,
            "position": {
                "x": 4.139934539794922,
                "y": 7.242426872253418,
                "z": 23.030563354492188
            },
            "target": {
                "x": 0.0,
                "y": 0.0,
                "z": 0.0
            },
            "up": {
                "x": 0.0,
                "y": 1.0,
                "z": 0.0
            }
        },
        "illumination": 0,
        "max_viewport": {
            "x": 1920.0,
            "y": 1080.0
        },
        "max_window": {
            "x": 3.0,
            "y": 3.0
        },
        "min_viewport": {
            "x": 384.0,
            "y": 0.0
        },
        "min_window": {
            "x": -3.0,
            "y": -3.0
        },
        "objects": [
            {
                "id": "cone",
                "index_vertices": [
                    [
                        0,
                        3,
                        1
                    ],
                    [
                        1,
                        3,
                        2
                    ],
                    [
                        2,
                        3,
                        0
                    ],
                    [
                        0,
                        1,
                        4
                    ],
                    [
                        1,
                        2,
                        4
                    ],
                    [
                        2,
                        0,
                        4
                    ]
                ],
                "name": "cone",
                "num_faces": 6,
                "vertices": [
                    {
                        "id": "v0",
                        "w": 1.0,
                        "x": 1.0,
                        "y": 0.0,
                        "z": 0.0
                    },
                    {
                        "id": "v1",
                        "w": 1.0,
                        "x": -0.5000000596046448,
                        "y": 0.8660253882408142,
                        "z": 0.0
                    },
                    {
                        "id": "v2",
                        "w": 1.0,
                        "x": -0.49999991059303284,
                        "y": -0.866025447845459,
                        "z": 0.0
                    },
                    {
                        "id": "center",
                        "w": 1.0,
                        "x": 0.0,
                        "y": 0.0,
                        "z": 0.0
                    },
                    {
                        "id": "top",
                        "w": 1.0,
                        "x": 0.0,
                        "y": 0.0,
                        "z": 3.0
                    }
                ]
            }
        ],
        "pipeline": 1
    }
}
